dst,dst_ip,num_ports,num_connections,num_syn,num_rst
168430330,10.10.10.250,28436,362178,4903,337269
169088250,10.20.20.250,29001,160667,2980,147879
173035770,10.80.80.250,29003,167012,6333,144780
170404090,10.40.40.250,28165,155426,2077,143920
171719930,10.60.60.250,28922,155655,3542,142241
173693690,10.90.90.250,28075,152460,1953,141583
174351610,10.100.100.250,28051,152635,1847,141493
172377850,10.70.70.250,28977,152426,3011,141109
171062010,10.50.50.250,28136,148543,1927,137952
169746170,10.30.30.250,24634,63952,970,57152
3232250643,192.168.59.19,12935,67759,15657,26035
175753232,10.121.200.16,755,433528,1147,25903
3232250725,192.168.59.101,2414,35764,1674,21504
3232295244,192.168.233.76,21337,58630,8858,19947
176446760,10.132.93.40,13542,33248,9307,19275
3232238948,192.168.13.100,1888,29054,1648,16059
177078297,10.142.0.25,4587,80060,4807,13129
3232295247,192.168.233.79,8574,26554,2122,12539
178957175,10.170.171.119,13428,143427,18154,11041
178916423,10.170.12.71,10010,62949,688,9553
3232298067,192.168.244.83,18107,405473,27286,8352
182245019,10.220.214.155,17987,455507,27399,7508
169088111,10.20.20.111,1002,26267,6554,4403
173035530,10.80.80.10,5097,50577,14459,4055
178282861,10.160.97.109,478,21503,603,2612
175753254,10.121.200.38,2142,14876,1923,2490
3232295437,192.168.234.13,2317,6073,176,2027
3232236036,192.168.2.4,1830,292665,1517,1999
178290440,10.160.127.8,2076,163387,1038,1989
175636680,10.120.0.200,1517,2060336,5077,1687
2886732492,172.16.10.204,1078,65458,53702,1624
3232236810,192.168.5.10,1664,17121,356,1420
175753249,10.121.200.33,209,2690,98,1332
2886745292,172.16.60.204,1007,35239,26213,1311
3232237826,192.168.9.2,177,4270,198,1303
2886747852,172.16.70.204,1009,33749,25260,1301
2886735052,172.16.20.204,1007,33571,26751,1263
2886752972,172.16.90.204,1008,32868,24118,1257
2886742732,172.16.50.204,1007,31708,24175,1250
2886750412,172.16.80.204,1009,32461,24816,1221
2886740172,172.16.40.204,1007,31701,24126,1201
2886737612,172.16.30.204,1014,20295,12509,1127
2886732541,172.16.10.253,1389,104918,98779,1104
2886732499,172.16.10.211,1350,58001,52186,1067
173035535,10.80.80.15,4991,21999,10537,1007
178264676,10.160.26.100,482,30742,323,990
2886745299,172.16.60.211,1064,27920,25138,968
2886752979,172.16.90.211,1189,28035,23648,958
2886755532,172.16.100.204,1078,9975,3247,951
2886735059,172.16.20.211,1153,30304,26445,926
2886742739,172.16.50.211,1164,27863,23867,921
2886740179,172.16.40.211,1153,27675,23811,921
2886750419,172.16.80.211,1160,28190,24308,920
2886732490,172.16.10.202,1082,52491,50253,906
2886737619,172.16.30.211,1154,15794,11976,900
2886747859,172.16.70.211,1175,28901,24520,892
175753255,10.121.200.39,964,11415,719,784
175636511,10.120.0.31,802,7424,3546,778
172377615,10.70.70.15,1013,6225,2535,721
2886755539,172.16.100.211,1065,5774,2423,668
2886732498,172.16.10.210,1077,52288,49302,650
2886732493,172.16.10.205,1074,51694,50299,637
173035725,10.80.80.205,1056,39185,6275,523
3232245768,192.168.40.8,900,21166,719,497
2886745290,172.16.60.202,1006,24881,23309,489
2886747850,172.16.70.202,1020,25342,22544,464
2886752970,172.16.90.202,1006,22489,21070,456
175753235,10.121.200.19,15160,213201,16608,454
2886745341,172.16.60.253,1099,56597,49300,452
2886735101,172.16.20.253,1178,53473,50609,447
2886747901,172.16.70.253,1221,48239,44702,438
2886735050,172.16.20.202,1008,25072,23887,437
2886753021,172.16.90.253,1216,47399,44034,428
2886747858,172.16.70.210,1006,24578,22208,419
2886740221,172.16.40.253,1188,47718,44768,414
2886750461,172.16.80.253,1200,47720,44694,397
2886740170,172.16.40.202,1007,22303,21188,393
2886742781,172.16.50.253,1186,48155,45276,388
2886750410,172.16.80.202,1005,22759,21660,385
2886745298,172.16.60.210,1003,37233,25852,359
2886752978,172.16.90.210,1008,22922,21070,358
2886735058,172.16.20.210,1003,25626,23903,346
2886745293,172.16.60.205,1006,24218,22920,337
2886742738,172.16.50.210,1002,23034,21363,332
2886747853,172.16.70.205,1008,23670,22152,331
2886742730,172.16.50.202,1003,22000,17266,330
2886750418,172.16.80.210,1003,23374,21741,319
2886740178,172.16.40.210,1003,22875,21215,316
2886752973,172.16.90.205,1006,22161,21094,308
2886735053,172.16.20.205,1008,24949,24001,302
2886737618,172.16.30.210,1020,13274,11044,299
173035540,10.80.80.20,4826,12423,9322,297
2886742733,172.16.50.205,1006,22174,21309,278
2886740173,172.16.40.205,1006,22067,21229,271
2886750413,172.16.80.205,1005,22619,21769,269
174351370,10.100.100.10,1055,22501,5806,265
2886737661,172.16.30.253,1690,29825,20932,253
174351380,10.100.100.20,929,1831178,971,253
173035620,10.80.80.100,5065,15087,13601,217
169088010,10.20.20.10,1048,20040,3655,198
172377610,10.70.70.10,1045,18623,2754,184
171719690,10.60.60.10,1046,33428,6666,171
175636485,10.120.0.5,6,111579,1692,167
169745930,10.30.30.10,1128,421158,2104,166
2886737613,172.16.30.205,1011,10488,9504,159
3232236034,192.168.2.2,2456,17559,2382,159
182331670,10.222.41.22,1265,53152,899,158
171061770,10.50.50.10,928,16432,1640,153
170403850,10.40.40.10,1039,17409,1724,140
1572394943,93.184.215.191,3,46350,76,140
168430090,10.10.10.10,1107,23983,12003,137
175636625,10.120.0.145,138,375,127,134
2886737610,172.16.30.202,1006,6493,4582,131
173693450,10.90.90.10,887,17399,1462,120
169088109,10.20.20.109,1517,281859,2623,115
3236274960,192.229.163.16,1,4496,15,110
175753231,10.121.200.15,946,31265,638,106
175702203,10.121.0.187,507,9349,223,106
176444954,10.132.86.26,18557,428384,28513,98
2886745291,172.16.60.203,1033,7080,5578,96
3090406556,184.51.220.156,2,1139,59,96
173035629,10.80.80.109,5050,23118,14202,94
1611768600,96.17.163.24,1,2019,35,93
2886755538,172.16.100.210,167,1716,304,92
171719885,10.60.60.205,999,13976,1932,90
173035625,10.80.80.105,5078,23605,14210,89
2886747851,172.16.70.203,1039,6505,4818,88
175753240,10.121.200.24,543,5138,504,88
3627735758,216.58.218.206,4,23731,472,88
177096005,10.142.69.69,1223,16748,229,88
391088744,23.79.138.104,1,725,42,86
172377620,10.70.70.20,1187,40310,1573,82
3236274961,192.229.163.17,1,1149,31,80
174351375,10.100.100.15,1049,5653,2370,79
175636512,10.120.0.32,222,2800,161,78
3232236951,192.168.5.151,593,28464,153,78
175702031,10.121.0.15,16,32404,481,77
2886745225,172.16.60.137,1064,23634,22632,75
2886747785,172.16.70.137,1184,25363,22749,74
169088015,10.20.20.15,1009,6485,3395,74
169088101,10.20.20.101,1100,13986,2194,73
175753227,10.121.200.11,410,8483,72,73
1249713853,74.125.30.189,1,16970,66,73
175753256,10.121.200.40,125,1828,45,71
173035525,10.80.80.5,5687,30442,14367,70
172377805,10.70.70.205,990,13323,1846,69
168430285,10.10.10.205,345,15513,923,68
171719700,10.60.60.20,1099,494472,1432,66
171061775,10.50.50.15,821,6462,1276,65
2886734850,172.16.20.2,1000,8008,7942,64
3232250724,192.168.59.100,1270,200916,741,64
3232236950,192.168.5.150,97,2350,29,64
3090404811,184.51.213.203,1,1161,40,63
168430095,10.10.10.15,1061,4294,1582,62
172377707,10.70.70.107,1102,11263,1316,62
171061965,10.50.50.205,1001,11022,2649,61
169745935,10.30.30.15,995,3927,1455,59
169746125,10.30.30.205,105,3769,492,59
2886752905,172.16.90.137,1178,24064,21501,58
2886737545,172.16.30.137,1144,11620,9552,57
171719695,10.60.60.15,1010,13553,4654,56
2886732425,172.16.10.137,1326,54293,50750,54
169088020,10.20.20.20,1034,6746,2279,54
175753222,10.121.200.6,179,5521,48,54
172377709,10.70.70.109,984,2674,2252,53
175753251,10.121.200.35,156,3841,124,52
2886735051,172.16.20.203,1036,5292,4209,51
170403855,10.40.40.15,818,3955,1257,50
2886732289,172.16.10.1,1000,50239,50138,49
175636489,10.120.0.9,16,4056876,164,49
173035720,10.80.80.200,4979,13845,13471,48
1572394952,93.184.215.200,2,10458,201,48
173693455,10.90.90.15,1049,20764,1453,46
182331671,10.222.41.23,1730,60184,1310,46
175753250,10.121.200.34,1181,27585,735,45
3232248417,192.168.50.97,1373,86012,1304,44
175636578,10.120.0.98,310,18542,160,44
2886737611,172.16.30.203,142,2000,527,42
168430183,10.10.10.103,313,1903593,498,41
170403948,10.40.40.108,65,2152,62,40
172377706,10.70.70.106,1032,267076,2043,39
169088205,10.20.20.205,1001,5148,1388,39
169746120,10.30.30.200,104,681,356,39
169745940,10.30.30.20,543,516145,1336,37
171719789,10.60.60.109,992,4910,2318,36
3627735747,216.58.218.195,6,4792,160,36
3629628425,216.87.188.9,1,3567,5,36
3327301748,198.82.152.116,1,2001,7,34
173035771,10.80.80.251,1000,6369,5207,33
2886747649,172.16.70.1,1001,22236,22162,32
170404045,10.40.40.205,101,9050,464,32
2886752769,172.16.90.1,1001,21195,21129,30
2886747650,172.16.70.2,1001,5483,5434,30
169088100,10.20.20.100,1048,5501,1155,30
2886742665,172.16.50.137,1161,23764,21571,28
168430100,10.10.10.20,317,44874,816,28
168820738,10.16.0.2,2643,20562,2812,27
172377710,10.70.70.110,983,4729,2314,27
2886752971,172.16.90.203,137,1662,467,27
2886734985,172.16.20.137,1146,26211,24209,26
172377800,10.70.70.200,981,3013,2338,26
174351472,10.100.100.112,522,4954,711,26
2886740105,172.16.40.137,1152,23622,21528,25
2886742731,172.16.50.203,134,1594,594,25
2886734849,172.16.20.1,1000,23883,23835,24
168850338,10.16.115.162,15017,306083,20414,24
3232292874,192.168.224.10,5,15048,186,24
391087385,23.79.133.25,1,328,12,24
2886742529,172.16.50.1,1000,21130,21084,23
168430189,10.10.10.109,238,1437,637,23
171061870,10.50.50.110,100,2725,600,23
2886745089,172.16.60.1,1000,21424,21375,22
169088110,10.20.20.110,1002,6657,4201,22
171061864,10.50.50.104,320,5491,600,22
171061780,10.50.50.20,122,908,295,22
916780562,54.164.246.18,1,355,23,22
2886750345,172.16.80.137,1158,23944,21799,21
2886739969,172.16.40.1,1000,21516,21474,21
2886737409,172.16.30.1,1002,9243,9182,21
174981343,10.110.0.223,686,127597,381,21
3627735745,216.58.218.193,3,1107,61,21
1611768601,96.17.163.25,1,777,55,21
169746029,10.30.30.109,104,2407,400,20
170404040,10.40.40.200,102,427,289,20
520962561,31.13.66.1,2,1851,16,20
3223256206,192.30.252.142,1,76,3,20
2886750209,172.16.80.1,1000,19597,19558,19
168430190,10.10.10.110,196,71721,336,19
872810675,52.6.8.179,1,503,26,19
3280461189,195.135.221.133,2,217,9,19
170403860,10.40.40.20,720,467463,985,18
169746028,10.30.30.108,104,2409,383,18
3325716552,198.58.104.72,1,517,18,18
1600504667,95.101.195.91,2,195,13,18
1746665732,104.28.1.4,1,81,4,17
169088005,10.20.20.5,1519,6315,2410,16
3232248418,192.168.50.98,503,27926,455,16
169746025,10.30.30.105,101,205,131,16
170403945,10.40.40.105,109,352,129,16
172377605,10.70.70.5,1911,4700,1366,15
1249764264,74.125.227.168,2,2853,670,15
3232299821,192.168.251.45,227,3719,75,15
3494213687,208.69.120.55,1,941,52,15
172377851,10.70.70.251,997,2871,1440,14
169746171,10.30.30.251,102,1803,445,14
169746030,10.30.30.110,135,54817,276,14
3627735746,216.58.218.194,4,2051,96,14
391088476,23.79.137.92,2,161,14,14
391089305,23.79.140.153,1,4314,8,14
171719785,10.60.60.105,266,8182,1220,13
1249764257,74.125.227.161,2,1741,514,13
173693460,10.90.90.20,438,401969,481,13
169745925,10.30.30.5,579,1510,235,13
172377704,10.70.70.104,65,248381,77,13
1209359225,72.21.91.121,2,476,37,13
3090405636,184.51.217.4,1,79,6,13
170403946,10.40.40.106,214,179979,280,12
3495972805,208.96.79.197,1,8829,182,12
183500824,10.240.0.24,23,3839,22,12
1796675201,107.23.22.129,1,244,18,12
3244873538,193.104.215.66,2,126,14,12
2953439379,176.9.232.147,1,62,4,12
168430188,10.10.10.108,265,4626,871,11
171719786,10.60.60.106,718,846,728,11
170403845,10.40.40.5,746,4511,359,11
872471223,52.0.218.183,1,240,16,11
911742277,54.88.21.69,1,293,15,11
1209359215,72.21.91.111,2,148,8,11
3226953258,192.87.102.42,1,91,4,11
2616663045,155.247.28.5,1,560,3,11
172377852,10.70.70.252,1019,1607,1146,10
170403951,10.40.40.111,102,2454,389,10
174351465,10.100.100.105,187,59662,275,10
3232292875,192.168.224.11,3,14540,21,10
1249764256,74.125.227.160,2,2004,447,9
170404091,10.40.40.251,101,1803,443,9
171062011,10.50.50.251,100,1748,433,9
170403950,10.40.40.110,102,2449,373,9
3221245186,192.0.77.2,2,272,22,9
1049779402,62.146.92.202,1,86,3,9
171719790,10.60.60.110,997,4809,2210,8
171719880,10.60.60.200,996,2474,2184,8
169088200,10.20.20.200,1000,2238,2076,8
171061960,10.50.50.200,100,276,256,8
168430185,10.10.10.105,100,235,209,8
301545976,17.249.57.248,1,173,6,8
1486675546,88.156.222.90,1,18,4,8
171719685,10.60.60.5,1516,22085,5997,7
171719932,10.60.60.252,996,2549,1384,7
173035626,10.80.80.106,994,1104,1062,7
171061867,10.50.50.107,176,609,550,7
177078365,10.142.0.93,615,39399,200,7
3627735748,216.58.218.196,2,1243,56,7
2157547795,128.153.145.19,1,537,42,7
915947037,54.152.62.29,1,282,14,7
3325270098,198.51.152.82,1,40,8,7
919709850,54.209.168.154,1,114,7,7
3338456601,198.252.206.25,2,207,6,7
3342570578,199.59.148.82,1,410,5,7
391089660,23.79.141.252,1,45,3,7
3370917642,200.236.31.10,1,65,3,7
3427780040,204.79.197.200,2,3875,1337,6
1249764258,74.125.227.162,2,1428,533,6
2886755531,172.16.100.203,213,1673,521,6
3232248419,192.168.50.99,200,17959,184,6
178264726,10.160.26.150,141,8791,53,6
1109600066,66.35.39.66,2,536,18,6
2915201873,173.194.115.81,2,745,9,6
1249764305,74.125.227.209,2,699,7,6
301545974,17.249.57.246,1,114,6,6
175702061,10.121.0.45,12,695,6,6
520962565,31.13.66.5,1,332,5,6
2822736468,168.63.138.84,1,49,5,6
301545975,17.249.57.247,1,130,4,6
3583744144,213.155.152.144,1,107,2,6
1145274660,68.67.129.36,1,18,2,6
168430085,10.10.10.5,968,2260,608,5
171061765,10.50.50.5,460,4368,460,5
174981196,10.110.0.76,205,21054,116,5
1814584989,108.40.94.157,3,2619,58,5
3340455557,199.27.78.133,2,425,32,5
175702227,10.121.0.211,29,398,14,5
1249764308,74.125.227.212,2,2015,11,5
3232253713,192.168.71.17,1,81,9,5
3645354400,217.71.177.160,1,113,6,5
391087039,23.79.131.191,1,165,5,5
1822467645,108.160.166.61,1,42,3,5
301545978,17.249.57.250,1,33,2,5
171061871,10.50.50.111,100,2655,548,4
1249764265,74.125.227.169,2,756,521,4
174351565,10.100.100.205,11,3680,287,4
2886755530,172.16.100.202,168,811,280,4
2886755533,172.16.100.205,175,749,274,4
3232245718,192.168.39.214,161,1641,134,4
3627735757,216.58.218.205,1,506,24,4
3627735749,216.58.218.197,1,2221,24,4
3627735722,216.58.218.170,2,383,19,4
3627735753,216.58.218.201,2,208,18,4
174351466,10.100.100.106,14,94,17,4
1077846061,64.62.160.45,1,230,12,4
390634131,23.72.154.147,2,91,11,4
391087995,23.79.135.123,1,328,10,4
1747684107,104.43.139.11,1,32,4,4
840085831,50.18.177.71,1,52,4,4
915675628,54.148.25.236,2,43,4,4
391088691,23.79.138.51,1,41,3,4
921482203,54.236.179.219,1,42,3,4
136783145,8.39.37.41,1,23,3,4
920081116,54.215.82.220,1,74,3,4
921418991,54.235.188.239,1,22,2,4
2915183256,173.194.42.152,1,33,2,4
3090403688,184.51.209.104,1,18,2,4
301545977,17.249.57.249,1,29,2,4
301545981,17.249.57.253,1,75,2,4
1822467725,108.160.166.141,1,28,2,4
1357875587,80.239.137.131,1,18,2,4
1796536788,107.20.249.212,1,25,2,4
3221245458,192.0.78.18,1,29,2,4
1249764294,74.125.227.198,1,52,2,4
3236274969,192.229.163.25,1,82,2,4
301545980,17.249.57.252,1,29,2,4
391088458,23.79.137.74,1,22,2,4
3223256151,192.30.252.87,1,532,1,4
2886732491,172.16.10.203,401,6535,5428,3
171719931,10.60.60.251,946,3196,1867,3
175636510,10.120.0.30,2,65052,1428,3
169088251,10.20.20.251,999,2710,1341,3
1249764263,74.125.227.167,2,1037,813,3
175753248,10.121.200.32,681,4055,602,3
174351365,10.100.100.5,677,4133,529,3
174351611,10.100.100.251,9,1638,334,3
1611768650,96.17.163.74,1,448,276,3
1611768658,96.17.163.82,2,455,273,3
178309601,10.160.201.225,166,3342,138,3
176446746,10.132.93.26,162,1730,133,3
178957116,10.170.171.60,154,3188,131,3
3237022267,192.241.10.59,1,4424,39,3
3232242178,192.168.26.2,7,3801,21,3
2918315228,173.241.244.220,1,96,17,3
1677167057,99.247.137.209,1,308,11,3
1805721254,107.161.30.166,2,34,11,3
1249764307,74.125.227.211,2,848,11,3
872462224,52.0.183.144,1,153,10,3
520962562,31.13.66.2,2,134,8,3
1249713759,74.125.30.95,2,83,7,3
919619030,54.208.69.214,1,107,7,3
758074471,45.47.76.103,1,226,6,3
2682300123,159.224.166.219,1,227,6,3
3342570581,199.59.148.85,1,117,4,3
1117209994,66.151.69.138,1,19,4,3
1245847231,74.66.30.191,1,69,3,3
3090403513,184.51.208.185,1,46,3,3
3090403783,184.51.209.199,1,37,2,3
1611663145,96.16.7.41,1,107,2,3
1822467773,108.160.166.189,1,26,2,3
3090326233,184.50.162.217,1,37,2,3
3342570950,199.59.149.198,1,21,1,3
1425627994,84.249.91.90,1,9,1,3
2904059463,173.24.110.71,1,19,0,3
3342571052,199.59.150.44,1,12,0,3
3342570995,199.59.149.243,1,12,0,3
1249764259,74.125.227.163,2,927,800,2
1249764262,74.125.227.166,2,1551,793,2
1249764261,74.125.227.165,2,1172,788,2
168430331,10.10.10.251,100,1889,502,2
1611768667,96.17.163.91,2,431,381,2
173693691,10.90.90.251,4,1647,329,2
171061866,10.50.50.106,113,845,239,2
171061865,10.50.50.105,105,2726,235,2
3232300026,192.168.251.250,45,68339,220,2
178921783,10.170.33.55,163,3257,137,2
3232247686,192.168.47.134,160,3299,136,2
178969890,10.170.221.34,164,3206,135,2
178969901,10.170.221.45,164,3373,135,2
176439408,10.132.64.112,164,3454,134,2
182190247,10.220.0.167,164,1896,134,2
178916432,10.170.12.80,160,1691,130,2
2908292211,173.89.4.115,1,4861,78,2
1168425045,69.164.192.85,2,912,58,2
3090406014,184.51.218.126,1,72,28,2
3627735716,216.58.218.164,2,3271,22,2
3627735750,216.58.218.198,2,396,22,2
3627735754,216.58.218.202,2,439,18,2
3232292880,192.168.224.16,3,3142,18,2
2918315227,173.241.244.219,1,122,17,2
2915201875,173.194.115.83,2,1322,17,2
2915201876,173.194.115.84,2,1022,14,2
1249764306,74.125.227.210,2,1058,14,2
1089063670,64.233.202.246,1,567,13,2
3090406896,184.51.221.240,2,63,10,2
911481626,54.84.27.26,2,283,8,2
1093954571,65.52.108.11,2,58,8,2
3090403834,184.51.209.250,1,410,7,2
3221243930,192.0.72.26,2,369,7,2
920780679,54.225.255.135,1,33,7,2
1611768641,96.17.163.65,2,152,6,2
3338456593,198.252.206.17,1,36,6,2
3223256194,192.30.252.130,2,54,5,2
911480003,54.84.20.195,1,207,4,2
391087763,23.79.134.147,2,62,4,2
391091216,23.79.148.16,1,42,4,2
2259303101,134.170.58.189,1,55,3,2
391089575,23.79.141.167,1,29,3,2
387402356,23.23.74.116,2,34,3,2
1611768674,96.17.163.98,1,221,3,2
840084784,50.18.173.48,1,8,2,2
2915192220,173.194.77.156,1,24,2,2
3232238953,192.168.13.105,1,19,2,2
3342570953,199.59.149.201,1,26,2,2
3090405145,184.51.215.25,1,22,2,2
1219899254,72.182.47.118,1,40,2,2
1796602522,107.21.250.154,1,8,2,2
3342570982,199.59.149.230,1,1262,2,2
1796536774,107.20.249.198,1,12,1,2
1822466636,108.160.162.76,1,17,1,2
921149792,54.231.161.96,1,13,1,2
921911642,54.243.65.90,1,16,1,2
919968661,54.213.155.149,1,19,1,2
1822467988,108.160.167.148,1,16,1,2
1796536598,107.20.249.22,1,14,1,2
391089048,23.79.139.152,1,16,1,2
921964837,54.244.17.37,1,39,1,2
3627735075,216.58.216.35,1,6,1,2
3342570952,199.59.149.200,1,22,1,2
3090406897,184.51.221.241,1,12,1,2
3342570508,199.59.148.12,1,21,1,2
921480482,54.236.173.34,1,14,1,2
1796536642,107.20.249.66,1,15,1,2
3632868244,216.137.43.148,1,13,1,2
301545979,17.249.57.251,1,14,1,2
391088313,23.79.136.185,1,28,1,2
3624994960,216.17.8.144,1,40,1,2
1822467594,108.160.166.10,1,17,1,2
1796536716,107.20.249.140,1,13,1,2
3342571019,199.59.150.11,1,135,1,2
1822467466,108.160.165.138,1,12,1,2
3091841862,184.73.195.70,1,14,1,2
391089046,23.79.139.150,1,15,1,2
3342571047,199.59.150.39,1,34,0,2
292480159,17.110.228.159,1,15,0,2
292479843,17.110.227.99,1,7,0,2
1266563987,75.126.59.147,1,27,0,2
1611663178,96.16.7.74,1,4,0,2
920510938,54.221.225.218,3,10889,933,1
173693445,10.90.90.5,379,5190,314,1
2259335305,134.170.184.137,3,306,280,1
178939157,10.170.101.21,324,5240,269,1
2886755581,172.16.100.253,173,2055,201,1
173693645,10.90.90.205,6,3757,192,1
173693546,10.90.90.106,3,2421,191,1
173693547,10.90.90.107,3,2474,185,1
174351470,10.100.100.110,9,2078,161,1
174351469,10.100.100.109,10,1941,160,1
2886755465,172.16.100.137,144,1989,148,1
178267475,10.160.37.83,163,1690,137,1
176439383,10.132.64.87,166,3139,136,1
1094188075,65.55.252.43,1,255,133,1
3232245721,192.168.39.217,152,1612,133,1
179633256,10.180.252.104,158,3222,131,1
178957163,10.170.171.107,146,1642,115,1
2382639021,142.4.47.173,1,2909,64,1
3232300027,192.168.251.251,94,1092,41,1
1094188124,65.55.252.92,1,32,24,1
3232300028,192.168.251.252,81,1349456,23,1
178290623,10.160.127.191,1,95,19,1
2259336332,134.170.188.140,2,166,13,1
1074017859,64.4.54.67,1,48,12,1
391088865,23.79.138.225,2,165,12,1
175753252,10.121.200.36,27,960,10,1
3354736316,199.245.54.188,1,139,9,1
1611768587,96.17.163.11,1,64,9,1
209834567,12.129.210.71,1,43,8,1
3220103318,191.238.224.150,1,28,8,1
3223256192,192.30.252.128,2,116,7,1
1753369895,104.130.77.39,1,185,7,1
1607929875,95.215.16.19,2,50,6,1
917479750,54.175.161.70,1,25881,6,1
3427780043,204.79.197.203,2,150,6,1
3227453468,192.95.8.28,1,90,6,1
1177166321,70.42.33.241,1,22,5,1
3338456592,198.252.206.16,2,57,5,1
1796602589,107.21.250.221,1,20,4,1
1611768595,96.17.163.19,1,31,4,1
919102706,54.200.100.242,1,26,3,1
919951032,54.213.86.184,1,27,3,1
209831782,12.129.199.102,2,13,3,1
1153585755,68.194.82.91,1,77,3,1
1145274760,68.67.129.136,1,20,3,1
2372235835,141.101.114.59,1,116,2,1
1209359217,72.21.91.113,2,44,2,1
2732180505,162.217.196.25,1,12,2,1
3223256200,192.30.252.136,1,23,2,1
3494345154,208.71.121.194,1,18,2,1
391086936,23.79.131.88,1,11,2,1
1633007340,97.85.182.236,1,656,2,1
2900737930,172.229.191.138,1,13,2,1
1138340158,67.217.177.62,1,11,2,1
921765875,54.241.7.243,1,9,2,1
3422566067,204.0.54.179,1,24,2,1
2637729138,157.56.141.114,1,17,2,1
918201849,54.186.165.249,1,8,2,1
391086631,23.79.130.39,2,50,2,1
405651316,24.45.191.116,1,87,1,1
2230669874,132.245.82.50,1,2,1,1
3342570507,199.59.148.11,1,8,1,1
1822467517,108.160.165.189,1,11,1,1
2637718626,157.56.100.98,1,15,1,1
391013080,23.78.98.216,1,20,1,1
2259303037,134.170.58.125,1,8,1,1
391088771,23.79.138.131,1,21,1,1
1115132094,66.119.144.190,1,8,1,1
1135628917,67.176.82.117,1,73,1,1
1158946605,69.20.31.45,1,5,1,1
915675500,54.148.25.108,1,2,1,1
3342571054,199.59.150.46,1,455,1,1
2732468237,162.222.40.13,1,39,1,1
919667589,54.209.3.133,1,43,1,1
1611768632,96.17.163.56,1,375,1,1
1613152234,96.38.191.234,1,27,1,1
919152852,54.201.40.212,1,2,1,1
1401800601,83.141.199.153,1,565,1,1
919961097,54.213.126.9,1,2,1,1
3342570580,199.59.148.84,1,21,1,1
295574564,17.158.28.36,1,14,1,1
2915062466,173.192.82.194,1,123,0,1
642859652,38.81.66.132,1,9,0,1
845018808,50.93.246.184,1,9,0,1
3624994931,216.17.8.115,1,9,0,1
1822468006,108.160.167.166,1,10,0,1
1249713852,74.125.30.188,2,3,0,1
1539136573,91.189.92.61,1,15,0,1
168430081,10.10.10.1,1074,50858,50843,0
169088001,10.20.20.1,1001,24227,24211,0
173035521,10.80.80.1,1000,23828,23812,0
172377601,10.70.70.1,1001,22272,22253,0
171719681,10.60.60.1,1000,22078,22068,0
170403841,10.40.40.1,1001,21610,21597,0
171061761,10.50.50.1,1000,21448,21438,0
173693441,10.90.90.1,1000,21096,21088,0
3232299560,192.168.250.40,1,176020,10959,0
3232299600,192.168.250.80,1,175935,10958,0
3232299570,192.168.250.50,1,175174,10906,0
3232299580,192.168.250.60,1,174926,10894,0
3232299610,192.168.250.90,1,174739,10885,0
3232299620,192.168.250.100,1,174592,10882,0
3232299540,192.168.250.20,1,174722,10877,0
3232299550,192.168.250.30,1,174523,10869,0
3232299530,192.168.250.10,1,174504,10866,0
3232299590,192.168.250.70,1,174586,10865,0
169745921,10.30.30.1,1002,9208,9185,0
170403840,10.40.40.0,6,5345,5339,0
173035772,10.80.80.252,1001,4011,3967,0
175702017,10.121.0.1,1104,2408,2302,0
2886745090,172.16.60.2,1000,2110,2109,0
169088112,10.20.20.112,1012,32349,2071,0
169088025,10.20.20.25,991,2276,2070,0
169088066,10.20.20.66,1004,2214,2063,0
169088074,10.20.20.74,1004,2210,2060,0
169088067,10.20.20.67,1004,2211,2060,0
169088071,10.20.20.71,1004,2211,2060,0
169088075,10.20.20.75,1004,2211,2059,0
169088078,10.20.20.78,1004,2210,2058,0
169088068,10.20.20.68,1004,2208,2058,0
169088073,10.20.20.73,1004,2208,2056,0
169088077,10.20.20.77,1004,2207,2056,0
169088072,10.20.20.72,1004,2206,2055,0
169088009,10.20.20.9,1000,2199,2055,0
169088099,10.20.20.99,1004,2202,2053,0
169088065,10.20.20.65,1004,2205,2053,0
169088106,10.20.20.106,1004,2203,2052,0
169088089,10.20.20.89,1004,2201,2052,0
169088119,10.20.20.119,1004,2201,2052,0
169088105,10.20.20.105,1004,2202,2052,0
169088095,10.20.20.95,1004,2201,2052,0
169088097,10.20.20.97,1004,2201,2051,0
169088091,10.20.20.91,1004,2201,2051,0
169088081,10.20.20.81,1004,2201,2050,0
169088076,10.20.20.76,1004,2201,2050,0
169088126,10.20.20.126,1004,2200,2050,0
169088123,10.20.20.123,1004,2200,2050,0
169088008,10.20.20.8,998,2191,2048,0
169088122,10.20.20.122,1004,2198,2048,0
169088115,10.20.20.115,1004,2199,2048,0
169088116,10.20.20.116,1003,2196,2048,0
169088092,10.20.20.92,1004,2198,2047,0
169088085,10.20.20.85,1004,2197,2047,0
169088096,10.20.20.96,1002,2198,2047,0
169088114,10.20.20.114,1004,2198,2047,0
169088104,10.20.20.104,1004,2196,2047,0
169088011,10.20.20.11,997,2195,2046,0
169088070,10.20.20.70,1003,2197,2046,0
169088086,10.20.20.86,1004,2196,2045,0
169088108,10.20.20.108,1004,2193,2045,0
169088117,10.20.20.117,1003,2195,2044,0
169088121,10.20.20.121,1003,2193,2044,0
169088118,10.20.20.118,1003,2194,2044,0
169088079,10.20.20.79,1004,2196,2044,0
169088084,10.20.20.84,1004,2194,2044,0
169088087,10.20.20.87,1004,2192,2043,0
169088083,10.20.20.83,1004,2194,2042,0
169088120,10.20.20.120,1004,2188,2041,0
169088113,10.20.20.113,1003,2190,2041,0
169088103,10.20.20.103,1004,2189,2041,0
169088094,10.20.20.94,1004,2190,2041,0
169088045,10.20.20.45,994,2192,2041,0
169088029,10.20.20.29,994,2191,2040,0
169088080,10.20.20.80,1004,2192,2040,0
169088043,10.20.20.43,993,2190,2039,0
169088093,10.20.20.93,1004,2188,2039,0
169088069,10.20.20.69,1004,2190,2039,0
169088127,10.20.20.127,1004,2189,2039,0
169088088,10.20.20.88,1004,2188,2038,0
169088082,10.20.20.82,1003,2189,2038,0
169088061,10.20.20.61,994,2188,2036,0
169088026,10.20.20.26,992,2184,2036,0
169088044,10.20.20.44,994,2186,2036,0
169088030,10.20.20.30,994,2184,2036,0
169088064,10.20.20.64,1004,2185,2035,0
169088050,10.20.20.50,991,2187,2035,0
169088028,10.20.20.28,990,2185,2034,0
169088060,10.20.20.60,992,2185,2034,0
169088047,10.20.20.47,991,2184,2034,0
169088033,10.20.20.33,993,2185,2034,0
169088090,10.20.20.90,1004,2185,2034,0
169088048,10.20.20.48,991,2185,2034,0
169088049,10.20.20.49,992,2184,2033,0
169088042,10.20.20.42,992,2183,2033,0
169088035,10.20.20.35,991,2184,2033,0
169088004,10.20.20.4,993,2176,2033,0
169088003,10.20.20.3,993,2176,2032,0
169088056,10.20.20.56,991,2182,2031,0
169088017,10.20.20.17,990,2172,2031,0
169088046,10.20.20.46,991,2182,2031,0
169088000,10.20.20.0,994,2164,2031,0
169088055,10.20.20.55,991,2183,2031,0
169088036,10.20.20.36,991,2181,2030,0
169088038,10.20.20.38,988,2183,2030,0
169088018,10.20.20.18,991,2172,2029,0
169088034,10.20.20.34,990,2181,2029,0
169088054,10.20.20.54,989,2179,2028,0
169088019,10.20.20.19,989,2176,2028,0
169088012,10.20.20.12,989,2176,2028,0
169088023,10.20.20.23,989,2177,2028,0
169088027,10.20.20.27,988,2175,2028,0
169088063,10.20.20.63,988,2177,2028,0
169088007,10.20.20.7,990,2170,2027,0
169088031,10.20.20.31,989,2175,2027,0
169088039,10.20.20.39,989,2177,2026,0
169088053,10.20.20.53,988,2175,2025,0
169088032,10.20.20.32,988,2175,2025,0
169088059,10.20.20.59,988,2176,2025,0
169088052,10.20.20.52,987,2177,2025,0
169088006,10.20.20.6,990,2168,2025,0
169088252,10.20.20.252,1003,3705,2024,0
169088022,10.20.20.22,989,2166,2024,0
169088058,10.20.20.58,989,2175,2024,0
169088051,10.20.20.51,986,2175,2024,0
169088002,10.20.20.2,989,2168,2024,0
169088013,10.20.20.13,988,2166,2024,0
169088024,10.20.20.24,987,2174,2023,0
169088102,10.20.20.102,1004,2171,2023,0
169088014,10.20.20.14,989,2162,2022,0
169088107,10.20.20.107,1004,2173,2022,0
169088125,10.20.20.125,1004,2173,2022,0
169088098,10.20.20.98,1004,2171,2022,0
169088057,10.20.20.57,987,2171,2021,0
169088021,10.20.20.21,987,2164,2020,0
169088037,10.20.20.37,986,2171,2020,0
169088016,10.20.20.16,984,2166,2020,0
169088041,10.20.20.41,986,2169,2020,0
169088124,10.20.20.124,1004,2170,2019,0
169088040,10.20.20.40,985,2168,2017,0
169088062,10.20.20.62,985,2168,2016,0
3232247298,192.168.46.2,10,14287,1619,0
1074006075,64.4.8.59,1,1556,1556,0
174351361,10.100.100.1,1000,1037,1021,0
2637689052,157.55.240.220,1,979,903,0
3219785040,191.234.5.80,1,787,787,0
1249764260,74.125.227.164,2,7778,757,0
2886732290,172.16.10.2,184,619,610,0
1203353543,71.185.183.199,1,2550,503,0
3232235927,192.168.1.151,1,2559,502,0
2886742530,172.16.50.2,100,496,495,0
1611768672,96.17.163.96,1,252509,481,0
1137377859,67.203.2.67,2,496,451,0
1249764270,74.125.227.174,2,669,435,0
1611768648,96.17.163.72,1,606,428,0
168450585,10.10.90.25,185,435,417,0
168450613,10.10.90.53,185,433,415,0
168450589,10.10.90.29,185,434,414,0
168450614,10.10.90.54,185,430,414,0
168450615,10.10.90.55,185,434,414,0
168450630,10.10.90.70,185,434,414,0
168450616,10.10.90.56,185,434,414,0
168450629,10.10.90.69,185,433,413,0
168450631,10.10.90.71,185,430,412,0
168450618,10.10.90.58,185,432,412,0
168450611,10.10.90.51,185,428,412,0
168450601,10.10.90.41,185,432,412,0
168450612,10.10.90.52,185,430,412,0
168450596,10.10.90.36,185,431,411,0
168450628,10.10.90.68,185,429,411,0
168450626,10.10.90.66,185,429,411,0
168450617,10.10.90.57,185,430,410,0
168450610,10.10.90.50,184,428,410,0
168450621,10.10.90.61,184,429,410,0
168450609,10.10.90.49,184,430,410,0
168450627,10.10.90.67,185,428,410,0
168450625,10.10.90.65,185,427,409,0
168450608,10.10.90.48,184,429,409,0
168450651,10.10.90.91,184,428,409,0
168450620,10.10.90.60,184,428,408,0
1611768657,96.17.163.81,1,71710,408,0
168450622,10.10.90.62,183,425,407,0
168450623,10.10.90.63,184,427,407,0
168450575,10.10.90.15,185,426,406,0
168450619,10.10.90.59,184,426,406,0
168450584,10.10.90.24,185,424,406,0
168450624,10.10.90.64,184,425,405,0
168450598,10.10.90.38,185,423,405,0
168450588,10.10.90.28,185,424,404,0
168450562,10.10.90.2,185,424,404,0
168450653,10.10.90.93,185,420,403,0
168450582,10.10.90.22,185,423,403,0
168450593,10.10.90.33,185,423,403,0
168450590,10.10.90.30,185,423,403,0
168450652,10.10.90.92,184,421,402,0
168450649,10.10.90.89,184,421,402,0
168450603,10.10.90.43,185,422,402,0
168450568,10.10.90.8,184,422,402,0
168450587,10.10.90.27,185,422,402,0
168450655,10.10.90.95,185,418,402,0
168450595,10.10.90.35,185,421,402,0
168450635,10.10.90.75,184,421,401,0
168450564,10.10.90.4,185,421,401,0
168450633,10.10.90.73,184,419,401,0
168450580,10.10.90.20,184,420,401,0
168450650,10.10.90.90,184,418,399,0
1138462788,67.219.144.68,2,434,399,0
168450648,10.10.90.88,184,417,399,0
168450586,10.10.90.26,185,415,398,0
168450597,10.10.90.37,185,416,398,0
168450578,10.10.90.18,185,416,396,0
168450642,10.10.90.82,185,414,396,0
168450583,10.10.90.23,185,414,396,0
168450577,10.10.90.17,185,416,396,0
168450641,10.10.90.81,185,414,396,0
168450561,10.10.90.1,185,415,395,0
168450581,10.10.90.21,185,414,394,0
168450574,10.10.90.14,185,414,394,0
168450576,10.10.90.16,185,414,394,0
168450640,10.10.90.80,185,412,394,0
168450644,10.10.90.84,185,414,394,0
168450573,10.10.90.13,185,414,394,0
168450602,10.10.90.42,185,414,394,0
168450599,10.10.90.39,185,411,393,0
168450560,10.10.90.0,185,411,393,0
168450604,10.10.90.44,185,412,393,0
168450654,10.10.90.94,185,411,393,0
168450645,10.10.90.85,185,412,392,0
168450567,10.10.90.7,184,412,392,0
168450639,10.10.90.79,185,409,392,0
168450579,10.10.90.19,184,412,392,0
168450594,10.10.90.34,185,412,392,0
168450637,10.10.90.77,184,410,392,0
168450570,10.10.90.10,185,412,392,0
168450638,10.10.90.78,184,409,391,0
168450632,10.10.90.72,185,409,391,0
168450643,10.10.90.83,185,411,391,0
168450636,10.10.90.76,184,409,391,0
168450565,10.10.90.5,184,411,391,0
168450569,10.10.90.9,185,411,391,0
168450634,10.10.90.74,184,409,391,0
168450563,10.10.90.3,185,411,391,0
168450606,10.10.90.46,184,410,390,0
168450571,10.10.90.11,183,408,390,0
168450646,10.10.90.86,185,410,390,0
168450572,10.10.90.12,183,407,390,0
168450605,10.10.90.45,184,410,390,0
168450566,10.10.90.6,183,410,390,0
168450591,10.10.90.31,184,409,390,0
168450647,10.10.90.87,184,408,389,0
168450607,10.10.90.47,184,407,388,0
168450600,10.10.90.40,185,400,383,0
168450592,10.10.90.32,184,400,380,0
1116159675,66.135.62.187,2,390,368,0
168450765,10.10.90.205,175,392,360,0
168450741,10.10.90.181,175,371,356,0
168450702,10.10.90.142,175,374,356,0
168450695,10.10.90.135,175,374,356,0
168450759,10.10.90.199,175,373,356,0
168450752,10.10.90.192,175,374,356,0
168450713,10.10.90.153,175,374,356,0
168450745,10.10.90.185,175,373,356,0
168450699,10.10.90.139,175,373,356,0
168450763,10.10.90.203,175,374,356,0
168450756,10.10.90.196,175,373,356,0
168450749,10.10.90.189,175,373,356,0
168450742,10.10.90.182,175,373,356,0
168450806,10.10.90.246,175,374,356,0
168450735,10.10.90.175,175,373,356,0
168450728,10.10.90.168,175,371,356,0
168450721,10.10.90.161,175,374,356,0
168450682,10.10.90.122,175,374,356,0
168450810,10.10.90.250,175,374,356,0
168450814,10.10.90.254,175,374,356,0
168450775,10.10.90.215,175,374,356,0
168450736,10.10.90.176,175,374,356,0
168450800,10.10.90.240,175,374,356,0
168450729,10.10.90.169,175,373,356,0
168450690,10.10.90.130,175,375,356,0
168450726,10.10.90.166,175,373,356,0
168450719,10.10.90.159,175,373,356,0
168450680,10.10.90.120,175,376,356,0
168450808,10.10.90.248,175,374,356,0
168450755,10.10.90.195,175,373,356,0
168450684,10.10.90.124,175,371,355,0
168450748,10.10.90.188,175,372,355,0
168450805,10.10.90.245,175,373,355,0
168450734,10.10.90.174,175,370,355,0
168450766,10.10.90.206,175,373,355,0
168450727,10.10.90.167,175,370,355,0
168450688,10.10.90.128,175,374,355,0
168450720,10.10.90.160,175,373,355,0
168450770,10.10.90.210,175,372,355,0
168450692,10.10.90.132,175,371,355,0
168450724,10.10.90.164,175,373,355,0
168450685,10.10.90.125,175,374,355,0
168450717,10.10.90.157,175,371,355,0
168450710,10.10.90.150,175,373,355,0
168450767,10.10.90.207,175,373,355,0
168450689,10.10.90.129,175,374,355,0
168450714,10.10.90.154,175,371,355,0
168450746,10.10.90.186,175,372,355,0
168450707,10.10.90.147,175,373,355,0
168450739,10.10.90.179,175,373,355,0
168450771,10.10.90.211,175,373,355,0
168450803,10.10.90.243,175,372,355,0
168450700,10.10.90.140,175,372,355,0
168450750,10.10.90.190,175,372,355,0
168450711,10.10.90.151,175,373,355,0
168450807,10.10.90.247,175,373,355,0
168450722,10.10.90.162,175,373,355,0
168450754,10.10.90.194,175,372,355,0
168450683,10.10.90.123,175,373,355,0
168450715,10.10.90.155,175,373,355,0
168450740,10.10.90.180,175,370,355,0
168450804,10.10.90.244,175,373,355,0
168450701,10.10.90.141,175,373,355,0
168450733,10.10.90.173,175,372,355,0
168450751,10.10.90.191,175,373,355,0
168450815,10.10.90.255,175,373,355,0
168450737,10.10.90.177,175,371,355,0
168450769,10.10.90.209,175,373,355,0
168450801,10.10.90.241,175,373,355,0
168450698,10.10.90.138,175,373,355,0
168450716,10.10.90.156,175,372,354,0
168450709,10.10.90.149,175,371,354,0
168450773,10.10.90.213,175,372,354,0
168450681,10.10.90.121,175,372,354,0
168450738,10.10.90.178,175,371,354,0
168450802,10.10.90.242,175,372,354,0
168450731,10.10.90.171,175,369,354,0
168450774,10.10.90.214,175,372,354,0
168450703,10.10.90.143,175,372,354,0
168450753,10.10.90.193,175,371,354,0
168450686,10.10.90.126,175,373,354,0
168450718,10.10.90.158,175,371,354,0
168450743,10.10.90.183,175,371,354,0
168450768,10.10.90.208,175,372,354,0
168450697,10.10.90.137,175,372,354,0
168450747,10.10.90.187,175,371,354,0
168450687,10.10.90.127,175,372,354,0
168450712,10.10.90.152,175,371,354,0
168450762,10.10.90.202,175,371,354,0
168450812,10.10.90.252,175,371,353,0
168450732,10.10.90.172,175,368,353,0
168450764,10.10.90.204,175,371,353,0
168450693,10.10.90.133,175,371,353,0
168450708,10.10.90.148,175,370,353,0
168450772,10.10.90.212,175,371,353,0
168450691,10.10.90.131,175,372,353,0
168450723,10.10.90.163,175,369,353,0
168450809,10.10.90.249,175,370,352,0
168450725,10.10.90.165,175,369,352,0
168450761,10.10.90.201,175,369,352,0
168450694,10.10.90.134,175,371,352,0
168450744,10.10.90.184,175,369,352,0
168450813,10.10.90.253,175,367,351,0
168450730,10.10.90.170,175,368,351,0
168450757,10.10.90.197,175,367,350,0
168450811,10.10.90.251,174,368,350,0
168450758,10.10.90.198,175,366,349,0
168450760,10.10.90.200,175,365,348,0
2551416462,152.19.134.142,2,374,347,0
168450777,10.10.90.217,175,364,346,0
168450782,10.10.90.222,175,364,346,0
168450672,10.10.90.112,175,366,346,0
168450676,10.10.90.116,175,366,346,0
168450797,10.10.90.237,175,364,346,0
168450781,10.10.90.221,175,362,345,0
168450796,10.10.90.236,175,363,345,0
1109606050,66.35.62.162,2,409,345,0
168450787,10.10.90.227,175,363,345,0
168450696,10.10.90.136,175,362,344,0
168450784,10.10.90.224,175,361,343,0
168450789,10.10.90.229,175,361,343,0
168450705,10.10.90.145,175,360,343,0
168450799,10.10.90.239,175,360,342,0
168450704,10.10.90.144,175,359,341,0
168450706,10.10.90.146,175,356,338,0
168450677,10.10.90.117,175,356,336,0
168450670,10.10.90.110,166,354,336,0
168450656,10.10.90.96,175,352,336,0
168450674,10.10.90.114,175,356,336,0
168450667,10.10.90.107,175,354,336,0
168450678,10.10.90.118,175,356,336,0
168450671,10.10.90.111,175,356,336,0
168450675,10.10.90.115,175,356,336,0
168450668,10.10.90.108,175,353,336,0
168450793,10.10.90.233,175,354,336,0
168450669,10.10.90.109,166,353,336,0
168450790,10.10.90.230,175,354,336,0
168450673,10.10.90.113,175,356,336,0
168450666,10.10.90.106,166,356,336,0
3515135247,209.132.181.15,2,361,335,0
168450798,10.10.90.238,175,353,335,0
168450660,10.10.90.100,166,355,335,0
168450788,10.10.90.228,175,353,335,0
168450664,10.10.90.104,166,355,335,0
168450792,10.10.90.232,175,353,335,0
168450657,10.10.90.97,175,355,335,0
168450785,10.10.90.225,175,353,335,0
168450778,10.10.90.218,175,353,335,0
168450661,10.10.90.101,166,354,335,0
168450679,10.10.90.119,175,353,335,0
168450658,10.10.90.98,165,354,335,0
168450786,10.10.90.226,175,353,335,0
168450662,10.10.90.102,175,355,335,0
168450783,10.10.90.223,175,353,335,0
168450776,10.10.90.216,175,353,335,0
168450659,10.10.90.99,175,354,335,0
168450791,10.10.90.231,175,352,334,0
168450779,10.10.90.219,175,352,334,0
168450794,10.10.90.234,175,351,334,0
168450795,10.10.90.235,175,351,333,0
168450665,10.10.90.105,166,352,332,0
168450780,10.10.90.220,175,348,330,0
3515135248,209.132.181.16,2,359,328,0
168450663,10.10.90.103,166,343,323,0
2362681796,140.211.169.196,2,341,316,0
2886742573,172.16.50.45,100,307,301,0
2886742723,172.16.50.195,100,307,301,0
2886742727,172.16.50.199,100,307,301,0
2886742720,172.16.50.192,100,307,301,0
2886742724,172.16.50.196,100,307,301,0
2886742742,172.16.50.214,100,307,301,0
2886742543,172.16.50.15,100,307,301,0
2886742579,172.16.50.51,100,307,301,0
2886742725,172.16.50.197,100,307,301,0
